__time__,dir,b,off,start,stop,ack,scl_low
0,M2S,0x3a,0,true,false,true,0
10,M2S,0xf,1,false,false,true,7
20,M2S,0x9,2,false,false,true,14
30,M2S,0x43,3,false,false,true,21
40,M2S,0x1,4,false,false,true,28
50,M2S,0x8,5,false,false,true,35
60,M2S,0x9,6,false,false,true,42
70,M2S,0xc8,7,false,false,true,49
80,M2S,0x0,8,false,false,true,56
90,M2S,0x80,9,false,false,true,63
100,M2S,0x1,10,false,false,true,70
110,M2S,0x2,11,false,false,true,77
120,M2S,0x5c,12,false,true,true,84
230,M2S,0x3a,0,true,false,true,91
240,M2S,0xf,1,false,false,true,98
250,M2S,0x45,2,false,false,true,105
260,M2S,0x43,3,false,false,true,112
270,M2S,0x1,4,false,false,true,119
280,M2S,0x8,5,false,false,true,126
290,M2S,0x9,6,false,false,true,133
300,M2S,0x8b,7,false,false,true,140
310,M2S,0x1,8,false,false,true,147
320,M2S,0x0,9,false,false,true,154
330,M2S,0x7,10,false,false,true,161
340,M2S,0xe,11,false,false,true,168
350,M2S,0x15,12,false,false,true,175
360,M2S,0x1c,13,false,false,true,182
370,M2S,0x23,14,false,false,true,189
380,M2S,0x2a,15,false,false,true,196
390,M2S,0x31,16,false,false,true,203
400,M2S,0x38,17,false,false,true,210
410,M2S,0x3f,18,false,false,true,217
420,M2S,0x46,19,false,false,true,224
430,M2S,0x4d,20,false,false,true,231
440,M2S,0x54,21,false,false,true,238
450,M2S,0x5b,22,false,false,true,245
460,M2S,0x62,23,false,false,true,252
470,M2S,0x69,24,false,false,true,259
480,M2S,0x70,25,false,false,true,266
490,M2S,0x77,26,false,false,true,273
500,M2S,0x7e,27,false,false,true,280
510,M2S,0x85,28,false,false,true,287
520,M2S,0x8c,29,false,false,true,294
530,M2S,0x93,30,false,false,true,301
540,M2S,0x9a,31,false,false,true,308
550,M2S,0xa1,32,false,false,true,315
560,M2S,0xa8,33,false,false,true,322
570,M2S,0xaf,34,false,false,true,329
580,M2S,0xb6,35,false,false,true,336
590,M2S,0xbd,36,false,false,true,343
600,M2S,0xc4,37,false,false,true,350
610,M2S,0xcb,38,false,false,true,357
620,M2S,0xd2,39,false,false,true,364
630,M2S,0xd9,40,false,false,true,371
640,M2S,0xe0,41,false,false,true,378
650,M2S,0xe7,42,false,false,true,385
660,M2S,0xee,43,false,false,true,392
670,M2S,0xf5,44,false,false,true,399
680,M2S,0xfc,45,false,false,true,406
690,M2S,0x3,46,false,false,true,413
700,M2S,0xa,47,false,false,true,420
710,M2S,0x11,48,false,false,true,427
720,M2S,0x18,49,false,false,true,434
730,M2S,0x1f,50,false,false,true,441
740,M2S,0x26,51,false,false,true,448
750,M2S,0x2d,52,false,false,true,455
760,M2S,0x34,53,false,false,true,462
770,M2S,0x3b,54,false,false,true,469
780,M2S,0x42,55,false,false,true,476
790,M2S,0x49,56,false,false,true,483
800,M2S,0x50,57,false,false,true,490
810,M2S,0x57,58,false,false,true,497
820,M2S,0x5e,59,false,false,true,504
830,M2S,0x65,60,false,false,true,511
840,M2S,0x6c,61,false,false,true,518
850,M2S,0x73,62,false,false,true,525
860,M2S,0x7a,63,false,false,true,532
870,M2S,0x81,64,false,false,true,539
880,M2S,0x88,65,false,false,true,546
890,M2S,0x8f,66,false,false,true,553
900,M2S,0x96,67,false,false,true,560
910,M2S,0x9d,68,false,false,true,567
920,M2S,0xa4,69,false,false,true,574
930,M2S,0xab,70,false,false,true,581
940,M2S,0xb2,71,false,false,true,588
950,M2S,0x5c,72,false,true,true,595
1060,M2S,0x3a,0,true,false,true,602
1070,M2S,0xf,1,false,false,true,609
1080,M2S,0x45,2,false,false,true,616
1090,M2S,0x43,3,false,false,true,623
1100,M2S,0x1,4,false,false,true,630
1110,M2S,0x8,5,false,false,true,637
1120,M2S,0x9,6,false,false,true,644
1130,M2S,0x1b,7,false,false,true,651
1140,M2S,0x0,8,false,false,true,658
1150,M2S,0xb,9,false,false,true,665
1160,M2S,0x16,10,false,false,true,672
1170,M2S,0x21,11,false,false,true,679
1180,M2S,0x2c,12,false,false,true,686
1190,M2S,0x37,13,false,false,true,693
1200,M2S,0x42,14,false,false,true,700
1210,M2S,0x4d,15,false,false,true,707
1220,M2S,0x58,16,false,false,true,714
1230,M2S,0x63,17,false,false,true,721
1240,M2S,0x6e,18,false,false,true,728
1250,M2S,0x79,19,false,false,true,735
1260,M2S,0x84,20,false,false,true,742
1270,M2S,0x8f,21,false,false,true,749
1280,M2S,0x9a,22,false,false,true,756
1290,M2S,0xa5,23,false,false,true,763
1300,M2S,0xb0,24,false,false,true,770
1310,M2S,0xbb,25,false,false,true,777
1320,M2S,0xc6,26,false,false,true,784
1330,M2S,0xd1,27,false,false,true,791
1340,M2S,0xdc,28,false,false,true,798
1350,M2S,0xe7,29,false,false,true,805
1360,M2S,0xf2,30,false,false,true,812
1370,M2S,0xfd,31,false,false,true,819
1380,M2S,0x8,32,false,false,true,826
1390,M2S,0x13,33,false,false,true,833
1400,M2S,0x1e,34,false,false,true,840
1410,M2S,0x29,35,false,false,true,847
1420,M2S,0x34,36,false,false,true,854
1430,M2S,0x3f,37,false,false,true,861
1440,M2S,0x4a,38,false,false,true,868
1450,M2S,0x55,39,false,false,true,875
1460,M2S,0x60,40,false,false,true,882
1470,M2S,0x6b,41,false,false,true,889
1480,M2S,0x76,42,false,false,true,896
1490,M2S,0x81,43,false,false,true,3
1500,M2S,0x8c,44,false,false,true,10
1510,M2S,0x97,45,false,false,true,17
1520,M2S,0xa2,46,false,false,true,24
1530,M2S,0xad,47,false,false,true,31
1540,M2S,0xb8,48,false,false,true,38
1550,M2S,0xc3,49,false,false,true,45
1560,M2S,0xce,50,false,false,true,52
1570,M2S,0xd9,51,false,false,true,59
1580,M2S,0xe4,52,false,false,true,66
1590,M2S,0xef,53,false,false,true,73
1600,M2S,0xfa,54,false,false,true,80
1610,M2S,0x5,55,false,false,true,87
1620,M2S,0x10,56,false,false,true,94
1630,M2S,0x1b,57,false,false,true,101
1640,M2S,0x26,58,false,false,true,108
1650,M2S,0x31,59,false,false,true,115
1660,M2S,0x3c,60,false,false,true,122
1670,M2S,0x47,61,false,false,true,129
1680,M2S,0x52,62,false,false,true,136
1690,M2S,0x5d,63,false,false,true,143
1700,M2S,0x68,64,false,false,true,150
1710,M2S,0x73,65,false,false,true,157
1720,M2S,0x7e,66,false,false,true,164
1730,M2S,0x89,67,false,false,true,171
1740,M2S,0x94,68,false,false,true,178
1750,M2S,0x9f,69,false,false,true,185
1760,M2S,0xaa,70,false,false,true,192
1770,M2S,0xb5,71,false,false,true,199
1780,M2S,0x5c,72,false,true,true,206
1890,M2S,0x3a,0,true,false,true,213
1900,M2S,0xf,1,false,false,true,220
1910,M2S,0x23,2,false,false,true,227
1920,M2S,0x43,3,false,false,true,234
1930,M2S,0x1,4,false,false,true,241
1940,M2S,0x8,5,false,false,true,248
1950,M2S,0x9,6,false,false,true,255
1960,M2S,0x6b,7,false,false,true,262
1970,M2S,0x0,8,false,false,true,269
1980,M2S,0xd,9,false,false,true,276
1990,M2S,0x1a,10,false,false,true,283
2000,M2S,0x27,11,false,false,true,290
2010,M2S,0x34,12,false,false,true,297
2020,M2S,0x41,13,false,false,true,304
2030,M2S,0x4e,14,false,false,true,311
2040,M2S,0x5b,15,false,false,true,318
2050,M2S,0x68,16,false,false,true,325
2060,M2S,0x75,17,false,false,true,332
2070,M2S,0x82,18,false,false,true,339
2080,M2S,0x8f,19,false,false,true,346
2090,M2S,0x9c,20,false,false,true,353
2100,M2S,0xa9,21,false,false,true,360
2110,M2S,0xb6,22,false,false,true,367
2120,M2S,0xc3,23,false,false,true,374
2130,M2S,0xd0,24,false,false,true,381
2140,M2S,0xdd,25,false,false,true,388
2150,M2S,0xea,26,false,false,true,395
2160,M2S,0xf7,27,false,false,true,402
2170,M2S,0x4,28,false,false,true,409
2180,M2S,0x11,29,false,false,true,416
2190,M2S,0x1e,30,false,false,true,423
2200,M2S,0x2b,31,false,false,true,430
2210,M2S,0x38,32,false,false,true,437
2220,M2S,0x45,33,false,false,true,444
2230,M2S,0x52,34,false,false,true,451
2240,M2S,0x5f,35,false,false,true,458
2250,M2S,0x6c,36,false,false,true,465
2260,M2S,0x79,37,false,false,true,472
2270,M2S,0x5c,38,false,true,true,479
